category,name,formula
"삼각함수 특수각","cos 0","1"
"삼각함수 특수각","cos(π/6)","\dfrac{\sqrt{3}}{2}"
"삼각함수 특수각","cos(π/4)","\dfrac{\sqrt{2}}{2}"
"삼각함수 특수각","cos(π/3)","\dfrac{1}{2}"
"삼각함수 특수각","cos(π/2)","0"
"삼각함수 특수각","sin 0","0"
"삼각함수 특수각","sin(π/6)","\dfrac{1}{2}"
"삼각함수 특수각","sin(π/4)","\dfrac{\sqrt{2}}{2}"
"삼각함수 특수각","sin(π/3)","\dfrac{\sqrt{3}}{2}"
"삼각함수 특수각","sin(π/2)","1"
"삼각함수 특수각","tan 0","0"
"삼각함수 특수각","tan(π/6)","\dfrac{1}{\sqrt{3}} = \dfrac{\sqrt{3}}{3}"
"삼각함수 특수각","tan(π/4)","1"
"삼각함수 특수각","tan(π/3)","\sqrt{3}"
"삼각함수 특수각","tan(π/2)","\text{정의되지 않음 (발산)}"
"덧셈정리","sin(α−β)","\sin\alpha\cos\beta-\cos\alpha\sin\beta"
"덧셈정리","sin(α+β)","\sin\alpha\cos\beta+\cos\alpha\sin\beta"
"덧셈정리","cos(α−β)","\cos\alpha\cos\beta+\sin\alpha\sin\beta"
"덧셈정리","cos(α+β)","\cos\alpha\cos\beta-\sin\alpha\sin\beta"
"덧셈정리","tan(α−β)","\dfrac{\tan\alpha-\tan\beta}{1+\tan\alpha\tan\beta}"
"덧셈정리","tan(α+β)","\dfrac{\tan\alpha+\tan\beta}{1-\tan\alpha\tan\beta}"
"곱을 합차로","sinα cosβ","\dfrac{1}{2}\{\sin(\alpha+\beta)+\sin(\alpha-\beta)\}"
"곱을 합차로","cosα sinβ","\dfrac{1}{2}\{\sin(\alpha+\beta)-\sin(\alpha-\beta)\}"
"곱을 합차로","cosα cosβ","\dfrac{1}{2}\{\cos(\alpha+\beta)+\cos(\alpha-\beta)\}"
"곱을 합차로","sinα sinβ","-\dfrac{1}{2}\{\cos(\alpha+\beta)-\cos(\alpha-\beta)\}"
"합차를 곱으로","sinA+sinB","2\sin\dfrac{A+B}{2}\cos\dfrac{A-B}{2}"
"합차를 곱으로","sinA−sinB","2\cos\dfrac{A+B}{2}\sin\dfrac{A-B}{2}"
"합차를 곱으로","cosA+cosB","2\cos\dfrac{A+B}{2}\cos\dfrac{A-B}{2}"
"합차를 곱으로","cosA−cosB","-2\sin\dfrac{A+B}{2}\sin\dfrac{A-B}{2}"
"삼각함수 합성","a sinθ+b cosθ (사인형)","\sqrt{a^2+b^2}\ \sin(\theta+\alpha),\ \cos\alpha=\dfrac{a}{\sqrt{a^2+b^2}},\ \sin\alpha=\dfrac{b}{\sqrt{a^2+b^2}}"
"삼각함수 합성","a sinθ+b cosθ (코사인형)","\sqrt{a^2+b^2}\ \cos(\theta-\beta),\ \sin\beta=\dfrac{a}{\sqrt{a^2+b^2}},\ \cos\beta=\dfrac{b}{\sqrt{a^2+b^2}}"
"여러가지 항등식","sin²θ+cos²θ","1"
"여러가지 항등식","cosh²x−sinh²x","1"
"여러가지 항등식","1+tan²θ","\sec^2\theta"
"여러가지 항등식","tanh²x+sech²x","1"
"여러가지 항등식","1+cot²θ","\csc^2\theta"
"여러가지 항등식","coth²x−csch²x","1"
"2배각 공식","sin2θ","2\sin\theta\cos\theta"
"2배각 공식","sinh2x","2\sinh x\cosh x"
"2배각 공식","cos2θ","\cos^2\theta-\sin^2\theta = 2\cos^2\theta-1 = 1-2\sin^2\theta"
"2배각 공식","cosh2x","\cosh^2x+\sinh^2x"
"2배각 공식","tan2θ","\dfrac{2\tan\theta}{1-\tan^2\theta}"
"반각 공식","sin²(θ/2)","\dfrac{1-\cos\theta}{2}"
"반각 공식","sinh²(x/2)","\dfrac{\cosh x-1}{2}"
"반각 공식","cos²(θ/2)","\dfrac{1+\cos\theta}{2}"
"반각 공식","cosh²(x/2)","\dfrac{1+\cosh x}{2}"
"반각 공식","tan²(θ/2)","\dfrac{1-\cos\theta}{1+\cos\theta}"
"역삼각함수 항등식","sin⁻¹x+cos⁻¹x","\dfrac{\pi}{2}"
"역삼각함수 항등식","tan⁻¹x+cot⁻¹x","\dfrac{\pi}{2}"
"역삼각함수 항등식","sec⁻¹x+csc⁻¹x","\dfrac{\pi}{2}"
"역삼각함수 항등식","cos⁻¹x+cos⁻¹(−x)","\pi"
"역삼각함수 항등식","tan⁻¹x+tan⁻¹y","\tan^{-1}\dfrac{x+y}{1-xy}"
"역함수 합성 조건","sin⁻¹(sin x)=x 성립 조건","-\dfrac{\pi}{2}\le x\le\dfrac{\pi}{2}"
"역함수 합성 조건","sin(sin⁻¹x)=x 성립 조건","-1\le x\le 1"
"역함수 합성 조건","cos⁻¹(cos x)=x 성립 조건","0\le x\le\pi"
"역함수 합성 조건","cos(cos⁻¹x)=x 성립 조건","-1\le x\le 1"
"역함수 합성 조건","tan⁻¹(tan x)=x 성립 조건","-\dfrac{\pi}{2}<x<\dfrac{\pi}{2}"
"역함수 합성 조건","tan(tan⁻¹x)=x 성립 조건","\text{모든 실수}"
"쌍곡선함수 덧셈공식","sinh(x±y)","\sinh x\cosh y\pm\cosh x\sinh y"
"쌍곡선함수 덧셈공식","cosh(x±y)","\cosh x\cosh y\pm\sinh x\sinh y"
"쌍곡선함수 덧셈공식","tanh(x±y)","\dfrac{\tanh x\pm\tanh y}{1\pm\tanh x\tanh y}"
"쌍곡선함수 정의","sinh x","\dfrac{e^x-e^{-x}}{2}"
"쌍곡선함수 정의","cosh x","\dfrac{e^x+e^{-x}}{2}"
"쌍곡선함수 정의","tanh x","\dfrac{\sinh x}{\cosh x}=\dfrac{e^x-e^{-x}}{e^x+e^{-x}}"
"쌍곡선함수 정의","csch x","\dfrac{1}{\sinh x}=\dfrac{2}{e^x-e^{-x}}"
"쌍곡선함수 정의","sech x","\dfrac{1}{\cosh x}=\dfrac{2}{e^x+e^{-x}}"
"쌍곡선함수 정의","coth x","\dfrac{\cosh x}{\sinh x}=\dfrac{e^x+e^{-x}}{e^x-e^{-x}}"
"역쌍곡선함수(로그형태)","sinh⁻¹x","\ln(x+\sqrt{x^2+1}),\ (-\infty<x<\infty)"
"역쌍곡선함수(로그형태)","cosh⁻¹x","\ln(x+\sqrt{x^2-1}),\ (x\ge1,\ y\ge0)"
"역쌍곡선함수(로그형태)","tanh⁻¹x","\dfrac{1}{2}\ln\dfrac{1+x}{1-x},\ (-1<x<1)"
"역쌍곡선함수(로그형태)","csch⁻¹x","\ln\left(\dfrac{1}{x}+\sqrt{\dfrac{1}{x^2}+1}\right)"
"역쌍곡선함수(로그형태)","sech⁻¹x","\ln\left(\dfrac{1}{x}+\sqrt{\dfrac{1}{x^2}-1}\right),\ (0<x\le1)"
"역쌍곡선함수(로그형태)","coth⁻¹x","\dfrac{1}{2}\ln\dfrac{x+1}{x-1},\ (|x|>1)"
"역삼각함수 정의역·치역","sin⁻¹x 정의역·치역","\text{정의역: }-1\le x\le1,\quad\text{치역: }-\dfrac{\pi}{2}\le y\le\dfrac{\pi}{2}"
"역삼각함수 정의역·치역","cos⁻¹x 정의역·치역","\text{정의역: }-1\le x\le1,\quad\text{치역: }0\le y\le\pi"
"역삼각함수 정의역·치역","tan⁻¹x 정의역·치역","\text{정의역: 실수 전체},\quad\text{치역: }-\dfrac{\pi}{2}<y<\dfrac{\pi}{2}"
